{
  "tools": {
    "dotnet": "8.0.100-preview.1.23115.2",
    "runtimes": {
      "dotnet": [
        "2.1.7",
        "$(MicrosoftNETCoreAppVersion)"
      ]
    },
    "vs": {
      "version": "16.11"
    }
  },
  "sdk": {
    "version": "8.0.100-preview.1.23115.2"
  },
  "msbuild-sdks": {
    "Microsoft.DotNet.Arcade.Sdk": "8.0.0-beta.23174.1",
    "Microsoft.DotNet.Arcade.Wpf.Sdk": "7.0.0-alpha.1.21611.1",
    "Microsoft.NET.Sdk.WindowsDesktop": "7.0.0-alpha.1.21560.1"
  },
  "native-tools": {
    "strawberry-perl": "5.28.1.1-1",
    "net-framework-48-ref-assemblies": "0.0.0.1",
    "dotnet-api-docs_net5.0": "0.0.0.3"
  }
}
