<?xml version="1.0" encoding="utf-8"?>
<Dependencies>
  <ToolsetDependencies>
    <Dependency Name="Microsoft.Private.Winforms" Version="5.0.0-rc.1.20372.4">
      <Uri>https://github.com/dotnet/winforms</Uri>
      <Sha>66aec51d9b76a459ef538804e1ee88d7668fc747</Sha>
    </Dependency>
    <Dependency Name="Microsoft.Win32.Registry" Version="5.0.0-rc.1.20370.4" CoherentParentDependency="Microsoft.NETCore.App">
      <Uri>https://github.com/dotnet/runtime</Uri>
      <Sha>0e0e648770e54b12c2fa81a77538ce1a72fca8af</Sha>
    </Dependency>
    <Dependency Name="System.CodeDom" Version="5.0.0-rc.1.20370.4" CoherentParentDependency="Microsoft.NETCore.App">
      <Uri>https://github.com/dotnet/runtime</Uri>
      <Sha>0e0e648770e54b12c2fa81a77538ce1a72fca8af</Sha>
    </Dependency>
    <Dependency Name="System.Configuration.ConfigurationManager" Version="5.0.0-rc.1.20370.4" CoherentParentDependency="Microsoft.NETCore.App">
      <Uri>https://github.com/dotnet/runtime</Uri>
      <Sha>0e0e648770e54b12c2fa81a77538ce1a72fca8af</Sha>
    </Dependency>
    <Dependency Name="System.Diagnostics.EventLog" Version="5.0.0-rc.1.20370.4" CoherentParentDependency="Microsoft.NETCore.App">
      <Uri>https://github.com/dotnet/runtime</Uri>
      <Sha>0e0e648770e54b12c2fa81a77538ce1a72fca8af</Sha>
    </Dependency>
    <Dependency Name="System.DirectoryServices" Version="5.0.0-rc.1.20370.4" CoherentParentDependency="Microsoft.NETCore.App">
      <Uri>https://github.com/dotnet/runtime</Uri>
      <Sha>0e0e648770e54b12c2fa81a77538ce1a72fca8af</Sha>
    </Dependency>
    <Dependency Name="System.Drawing.Common" Version="5.0.0-rc.1.20370.4" CoherentParentDependency="Microsoft.NETCore.App">
      <Uri>https://github.com/dotnet/runtime</Uri>
      <Sha>0e0e648770e54b12c2fa81a77538ce1a72fca8af</Sha>
    </Dependency>
    <Dependency Name="System.Reflection.Emit" Version="5.0.0-alpha.1.19563.6" CoherentParentDependency="Microsoft.NETCore.App">
      <Uri>https://github.com/dotnet/corefx</Uri>
      <Sha>5cee7c97d602f294e27c582d4dab81ec388f1d7b</Sha>
    </Dependency>
    <Dependency Name="System.Reflection.MetadataLoadContext" Version="5.0.0-rc.1.20370.4" CoherentParentDependency="Microsoft.NETCore.App">
      <Uri>https://github.com/dotnet/runtime</Uri>
      <Sha>0e0e648770e54b12c2fa81a77538ce1a72fca8af</Sha>
    </Dependency>
    <Dependency Name="System.Security.AccessControl" Version="5.0.0-rc.1.20370.4" CoherentParentDependency="Microsoft.NETCore.App">
      <Uri>https://github.com/dotnet/runtime</Uri>
      <Sha>0e0e648770e54b12c2fa81a77538ce1a72fca8af</Sha>
    </Dependency>
    <Dependency Name="System.Security.Cryptography.Xml" Version="5.0.0-rc.1.20370.4" CoherentParentDependency="Microsoft.NETCore.App">
      <Uri>https://github.com/dotnet/runtime</Uri>
      <Sha>0e0e648770e54b12c2fa81a77538ce1a72fca8af</Sha>
    </Dependency>
    <Dependency Name="System.Security.Permissions" Version="5.0.0-rc.1.20370.4" CoherentParentDependency="Microsoft.NETCore.App">
      <Uri>https://github.com/dotnet/runtime</Uri>
      <Sha>0e0e648770e54b12c2fa81a77538ce1a72fca8af</Sha>
    </Dependency>
    <Dependency Name="System.Security.Principal.Windows" Version="5.0.0-rc.1.20370.4" CoherentParentDependency="Microsoft.NETCore.App">
      <Uri>https://github.com/dotnet/runtime</Uri>
      <Sha>0e0e648770e54b12c2fa81a77538ce1a72fca8af</Sha>
    </Dependency>
    <Dependency Name="System.Windows.Extensions" Version="5.0.0-rc.1.20370.4" CoherentParentDependency="Microsoft.NETCore.App">
      <Uri>https://github.com/dotnet/runtime</Uri>
      <Sha>0e0e648770e54b12c2fa81a77538ce1a72fca8af</Sha>
    </Dependency>
    <Dependency Name="Microsoft.NETCore.App" Version="5.0.0-rc.1.20370.4" CoherentParentDependency="Microsoft.Private.Winforms">
      <Uri>https://github.com/dotnet/runtime</Uri>
      <Sha>0e0e648770e54b12c2fa81a77538ce1a72fca8af</Sha>
    </Dependency>
    <Dependency Name="Microsoft.DotNet.Arcade.Sdk" Version="8.0.0-beta.23174.1">
      <Uri>https://github.com/dotnet/arcade</Uri>
      <Sha>1177b37e60c7271ab461098aefbdd03edc15b90d</Sha>
    </Dependency>
    <Dependency Name="Microsoft.DotNet.CodeAnalysis" Version="8.0.0-beta.23174.1">
      <Uri>https://github.com/dotnet/arcade</Uri>
      <Sha>1177b37e60c7271ab461098aefbdd03edc15b90d</Sha>
    </Dependency>
    <Dependency Name="Microsoft.NETCore.Platforms" Version="5.0.0-rc.1.20370.4" CoherentParentDependency="Microsoft.NETCore.App">
      <Uri>https://github.com/dotnet/runtime</Uri>
      <Sha>0e0e648770e54b12c2fa81a77538ce1a72fca8af</Sha>
    </Dependency>
    <Dependency Name="System.IO.Packaging" Version="5.0.0-rc.1.20370.4" CoherentParentDependency="Microsoft.NETCore.App">
      <Uri>https://github.com/dotnet/runtime</Uri>
      <Sha>0e0e648770e54b12c2fa81a77538ce1a72fca8af</Sha>
    </Dependency>
    <Dependency Name="Microsoft.NETCore.Runtime.CoreCLR" Version="5.0.0-alpha1.19562.1" CoherentParentDependency="Microsoft.NETCore.App">
      <Uri>https://github.com/dotnet/coreclr</Uri>
      <Sha>d5bb8bf2437d447750cf0203dd55bb5160ff36b8</Sha>
    </Dependency>
    <Dependency Name="Microsoft.NETCore.ILDAsm" Version="5.0.0-rc.1.20370.4" CoherentParentDependency="Microsoft.NETCore.Runtime.CoreCLR">
      <Uri>https://github.com/dotnet/runtime</Uri>
      <Sha>0e0e648770e54b12c2fa81a77538ce1a72fca8af</Sha>
    </Dependency>
    <Dependency Name="Microsoft.NETCore.ILAsm" Version="5.0.0-rc.1.20370.4" CoherentParentDependency="Microsoft.NETCore.Runtime.CoreCLR">
      <Uri>https://github.com/dotnet/runtime</Uri>
      <Sha>0e0e648770e54b12c2fa81a77538ce1a72fca8af</Sha>
    </Dependency>
    <Dependency Name="Microsoft.DotNet.Helix.Sdk" Version="8.0.0-beta.23174.1">
      <Uri>https://github.com/dotnet/arcade</Uri>
      <Sha>1177b37e60c7271ab461098aefbdd03edc15b90d</Sha>
    </Dependency>
    <Dependency Name="Microsoft.DotNet.ApiCompat" Version="8.0.0-beta.23174.1">
      <Uri>https://github.com/dotnet/arcade</Uri>
      <Sha>1177b37e60c7271ab461098aefbdd03edc15b90d</Sha>
    </Dependency>
    <Dependency Name="Microsoft.DotNet.GenAPI" Version="8.0.0-beta.23174.1">
      <Uri>https://github.com/dotnet/arcade</Uri>
      <Sha>1177b37e60c7271ab461098aefbdd03edc15b90d</Sha>
    </Dependency>
    <Dependency Name="System.Diagnostics.PerformanceCounter" Version="5.0.0-rc.1.20370.4" CoherentParentDependency="Microsoft.NETCore.App">
      <Uri>https://github.com/dotnet/runtime</Uri>
      <Sha>0e0e648770e54b12c2fa81a77538ce1a72fca8af</Sha>
    </Dependency>
    <Dependency Name="System.Threading.AccessControl" Version="5.0.0-rc.1.20370.4" CoherentParentDependency="Microsoft.NETCore.App">
      <Uri>https://github.com/dotnet/runtime</Uri>
      <Sha>0e0e648770e54b12c2fa81a77538ce1a72fca8af</Sha>
    </Dependency>
    <Dependency Name="System.Text.Encoding.CodePages" Version="5.0.0-rc.1.20370.4" CoherentParentDependency="Microsoft.NETCore.App">
      <Uri>https://github.com/dotnet/runtime</Uri>
      <Sha>0e0e648770e54b12c2fa81a77538ce1a72fca8af</Sha>
    </Dependency>
    <Dependency Name="System.Management" Version="5.0.0-rc.1.20370.4" CoherentParentDependency="Microsoft.NETCore.App">
      <Uri>https://github.com/dotnet/runtime</Uri>
      <Sha>0e0e648770e54b12c2fa81a77538ce1a72fca8af</Sha>
    </Dependency>
    <Dependency Name="System.Data.SqlClient" Version="5.0.0-alpha.1.19563.6" CoherentParentDependency="Microsoft.NETCore.App">
      <Uri>https://github.com/dotnet/corefx</Uri>
      <Sha>5cee7c97d602f294e27c582d4dab81ec388f1d7b</Sha>
    </Dependency>
    <Dependency Name="System.Data.OleDb" Version="5.0.0-rc.1.20370.4" CoherentParentDependency="Microsoft.NETCore.App">
      <Uri>https://github.com/dotnet/runtime</Uri>
      <Sha>0e0e648770e54b12c2fa81a77538ce1a72fca8af</Sha>
    </Dependency>
    <Dependency Name="System.Data.Odbc" Version="5.0.0-rc.1.20370.4" CoherentParentDependency="Microsoft.NETCore.App">
      <Uri>https://github.com/dotnet/runtime</Uri>
      <Sha>0e0e648770e54b12c2fa81a77538ce1a72fca8af</Sha>
    </Dependency>
    <Dependency Name="Microsoft.DotNet.Arcade.Wpf.Sdk" Version="6.0.18-servicing.23258.3">
      <Uri>https://github.com/dotnet/wpf</Uri>
      <Sha>b93b1f81f4eb996800fd5e06730ecc14cdb1f356</Sha>
    </Dependency>
    <Dependency Name="Microsoft.DotNet.Wpf.GitHub" Version="6.0.18-servicing.23258.3">
      <Uri>https://github.com/dotnet/wpf</Uri>
      <Sha>b93b1f81f4eb996800fd5e06730ecc14cdb1f356</Sha>
    </Dependency>
  </ToolsetDependencies>
</Dependencies>
